Product Name,Price
Newstyle B04 Air Cooler AC Mini Pendingin AC Portable Praktis Hemat Energi Mudah dibawa Kipas Cooler,118000
Kipas Angin USB Bahan Besi USB Mini Fan Merek Yazuho A18 - Merah Muda,20999
KIPAS ANGIN BERDIRI YASAKA 16 INCH STAND FAN 16 INCH YASAKA A1. PROMO MURAH. KIPAS MURAH.,108990
Kipas angin besi JUMBO 18 NATIONAL PLUS( N.PLUS ) 3in1 / TORNADO FAN/ stand fan,179900
Kipas Angin Meja lListrik 8 inch Arashi ( Bisa Putar Kiri Kanan),79580
KIPAS ANGIN DINDING NATIONAL PLUS 16 INCH. WALLFAN 16 INCH N.PLUS. WALLFAN PREMIUM. W2,99999
Kipas Angin Karater 10inch/Kipas angin meja listrik,48333
kipas Angin Karater 10inch/Kipas angin meja listrik,48000
kipas Angin Karater 10inch/Kipas angin meja listrik,48000
Cosmos 16-SDB Kipas Angin Berdiri / Stand Fan [16 Inch],220000
Kipas Angin Meja Sanex 6 inch FD-0687 Desk Fan SNI,69950
Beliajadulu88 Kipas angin berdiri ( Stand fan ) 16inch,111111
KIPAS ANGIN BERDIRI AOYAMA 16 INCH / STAND FAN 16 INCH AOYAMA / KIPAS BAGUS A4,108999
Kipas Angin USB Bahan Besi USB Mini Fan Merek Yazuho A18 - Merah Muda,20999
Arashi - Kipas Angin duduk / Kipas Angin Jepit Clip Fan AR138 20 Watt,49999
Arashi Helifan Kipas Angin Gantung 15 Watt 4 Baling-Baling Kipas Small 40 CM,28500
Kipas Mini Tangan Genggam Tancap Karakter Fan Led Light Lucu Unik Portable USB Doraemon Hello Kitty,21060
Kipas Angin USB Bahan Besi USB Mini Fan A18/kipas angin protabel,21800
STAND FAN NATIONAL PLUS 16 INCH (NPLUS) KAWAT TEMBAGA ASLI. KIPAS ANGIN BERDIRI NATIONAL PLUS. A2,105999
MIXIO Kipas angin portable stand / Fan portbale stand 7200mah Cooling Fan P9,251280
"KIPAS ANGIN LISTRIK DOREMON, HELLO KITTY, MICKEY MOUSE, TAYO, DOMBA, PIKACHU KARAKTER 10 INCH",60000
MIXIO F3 Kipas Angin Lipat/Portable Folding Fan with Key Mode Control,268320
STAND FAN NATIONAL PLUS kipas angin berdiri 16 inch,112400
Kipas Angin Meja Sanex 6 inch FD-0687 Desk Fan SNI - PROMO,75000
KIPAS ANGIN LISTRIK KARAKTER MERK ADVANCE UKURAN 8INC,57000
SEKAI Kipas Angin Meja Mini Tornado 6 Inch - HDO 615-S,102450
Kipas Angin Lampu Led Hand Mini Fan Usb Portable Karakter Kipas Angin Tangan Karakter doraemon hk BL / PR039,21000
Kipas Angin Karater 10inch/Kipas angin meja listrik,48333
KIPAS ANGIN DINDING 16 inch NATIONAL PLUS / N PLUS / KIPAS TEMBOK / KIPAS MURAH / KIPAS BAGUS.,107999
Kipas Angin Jepit Mini Fan Sivicom 3in1 4 baling 18WATT - Biru Muda,56500
Desk Fan / Kipas Angin Meja Miyako 927 Plastik 9 inch Murah Bagus Berkualitas Garansi Resmi,153000
READY STOCK ADVANCE Ceiling Fan CF450 Heli Fan Kipas Gantung 17W,25000
Kipas Angin Besi Tornado 2in1 Swing 10 inch ( Dinding/Duduk ),129000
WALLFAN 16 INCH YASAKA/ KIPAS ANGIN DINDING/ KIPAS TEMBOK/ KIPAS ANGIN. W1,105999
Kipas Angin Miyako / Desk Fan Kecil Miyako Kad 06 6 Inch Garansi Resmi,99999
Kipas Angin Tangan Handy Mini Fan Handheld Rechargeable Portable 2000mAh Lipat,20900
Kipas Angin AC Mini Fan Portable / Double Blower USB Fan,34500
TIMEZONE TZ-16KB Kipas Angin Berdiri / Stand Fan 16 inch Hitam Glossy | NGY,149000
Kipas Angin Portable / Kipas Angin USB / Kipas Angin Mini / Mini Fan / Kipas USB Plastik kipas meja,18500
Kipas Angin Mobil YZH-T303 Double-Headed Fan Aksesoris Mobil Interior,49500
Mini Ceiling Fan . Kipas Angin Gantung  kipas lagit lagit . kipas Baling baling /bL 15watt 5 baling . mk 950 25w 5 daun,30000
[ORIGINAL] AC PORTABLE ARCTIC AIR / AC MINI / AC PORTABLE AIR COOLER / KIPAS ANGIN PORTABLE DINGIN,79999
KIPAS KARAKTER NAGOYA 10INC BOXFAN NAGOYA Box Fan HIPERLITE dan Boxfan Arashi 8inc,58000
SEKAI Kipas Angin Meja Mini Tornado 6 Inch - HDO 615-S,102000
Kipas Angin Berdiri Aoyama 16 inch,102900
KIPAS ANGIN GANTUNG/KIPAS ANGIN JEPIT/KIPAS ANGIN HAKAMITSU 15W/20W/20W JEPIT/30W,22888
"Arashi Kipas Angin Meja 8 Inch Duduk Desk Fan Arashi 8"" AR-138 AR 138",70000
NGY Stand Fan 3in1 / Kipas Angin Berdiri Dinding 18 inch | NGY-1803SF,249000
READY BERAT 1KG...KIPAS ANGIN KARAKTER,55000
MOOOI Kipas Angin Meja Karakter Besar,49000
KIPAS ANGIN KARAKTER WELHOME 1inch,54500
Promo Termurah Kipas Angin Mobil/Kipas Angin Mobil Double-Headed Fan Aksesoris Mobil Interior/Kipas Mobil,48999
Kipas Angin Besi Tornado 2in1 (Meja dan Dinding) 10 inch Okayama,139590
WELHOME Kipas Angin Listrik Karakter 10inch,56350
SANEX Kipas Angin Meja Ukuran 6 Inch - Kipas Angin Mini mantap,70500
AC New Kipas Angin Pendingin Ac Mini Portable Artic Air Coder,68900
Kipas mini led tangan usb portable charger / mini fan l3d light / kipas mini doraemon hello kitty,19502
MIXIO F4E Kipas angin Fan portable stand Cooling Fan lipat meja,175680
ACNEW kipas angin pendingin ac mini portable air cooler,68900
"Kipas lipat mini usb F11/ Kipas Angin Portable / USB Rechargeable Mini Desk Fan, kipas belajar",36990
